INSERT INTO users (user_id, email, full_name, phone)
VALUES
    ('a0000000-0000-0000-0000-000000000001', 'glucas@usc.edu', 'George Lucas', '+1-310-555-0101'),
    ('a0000000-0000-0000-0000-000000000002', 'fgehry@usc.edu', 'Frank Gehry', '+1-310-555-0102'),
    ('a0000000-0000-0000-0000-000000000003', 'narmstro@usc.edu', 'Neil Armstrong', '+1-310-555-0103'),
    ('a0000000-0000-0000-0000-000000000004', 'wferrell@usc.edu', 'Will Ferrell', '+1-310-555-0104'),
    ('a0000000-0000-0000-0000-000000000005', 'mbenioff@usc.edu', 'Marc Benioff', '+1-310-555-0105'),
    ('a0000000-0000-0000-0000-000000000006', 'rzemecki@usc.edu', 'Robert Zemeckis', '+1-310-555-0106'),
    ('a0000000-0000-0000-0000-000000000007', 'rhoward@usc.edu', 'Ron Howard', '+1-310-555-0107'),
    ('a0000000-0000-0000-0000-000000000008', 'japatow@usc.edu', 'Judd Apatow', '+1-310-555-0108'),
    ('a0000000-0000-0000-0000-000000000009', 'fwhitake@usc.edu', 'Forest Whitaker', '+1-310-555-0109'),
    ('a0000000-0000-0000-0000-000000000010', 'tselleck@usc.edu', 'Tom Selleck', '+1-310-555-0110'),
    ('a0000000-0000-0000-0000-000000000011', 'mallen@usc.edu', 'Marcus Allen', '+1-310-555-0111'),
    ('a0000000-0000-0000-0000-000000000012', 'lswann@usc.edu', 'Lynn Swann', '+1-310-555-0112'),
    ('a0000000-0000-0000-0000-000000000013', 'rbush@usc.edu', 'Reggie Bush', '+1-310-555-0113'),
    ('a0000000-0000-0000-0000-000000000014', 'amunoz@usc.edu', 'Anthony Munoz', '+1-310-555-0114'),
    ('a0000000-0000-0000-0000-000000000015', 'phaden@usc.edu', 'Pat Haden', '+1-310-555-0115'),
    ('a0000000-0000-0000-0000-000000000016', 'jsinglet@usc.edu', 'John Singleton', '+1-310-555-0116'),
    ('a0000000-0000-0000-0000-000000000017', 'astanton@usc.edu', 'Andrew Stanton', '+1-310-555-0117'),
    ('a0000000-0000-0000-0000-000000000018', 'cmiller@usc.edu', 'Cheryl Miller', '+1-310-555-0118'),
    ('a0000000-0000-0000-0000-000000000019', 'lleslie@usc.edu', 'Lisa Leslie', '+1-310-555-0119'),
    ('a0000000-0000-0000-0000-000000000020', 'jbuss@usc.edu', 'Jerry Buss', '+1-310-555-0120'),
    ('a0000000-0000-0000-0000-000000000021', 'cpalmer@usc.edu', 'Carson Palmer', '+1-310-555-0121'),
    ('a0000000-0000-0000-0000-000000000022', 'mleinart@usc.edu', 'Matt Leinart', '+1-310-555-0122'),
    ('a0000000-0000-0000-0000-000000000023', 'sdarnold@usc.edu', 'Sam Darnold', '+1-310-555-0123'),
    ('a0000000-0000-0000-0000-000000000024', 'jwayne@usc.edu', 'John Wayne', '+1-310-555-0124'),
    ('a0000000-0000-0000-0000-000000000025', 'nlear@usc.edu', 'Norman Lear', '+1-310-555-0125');

INSERT INTO accounts (account_id, user_id, account_name, currency)
VALUES
    ('b0000000-0000-0000-0000-000000000001', 'a0000000-0000-0000-0000-000000000001', 'George Primary', 'USD'),
    ('b0000000-0000-0000-0000-000000000002', 'a0000000-0000-0000-0000-000000000002', 'Frank Primary', 'USD'),
    ('b0000000-0000-0000-0000-000000000003', 'a0000000-0000-0000-0000-000000000003', 'Neil Primary', 'USD'),
    ('b0000000-0000-0000-0000-000000000004', 'a0000000-0000-0000-0000-000000000004', 'Will Primary', 'USD'),
    ('b0000000-0000-0000-0000-000000000005', 'a0000000-0000-0000-0000-000000000005', 'Marc Primary', 'USD'),
    ('b0000000-0000-0000-0000-000000000006', 'a0000000-0000-0000-0000-000000000006', 'Robert Primary', 'USD'),
    ('b0000000-0000-0000-0000-000000000007', 'a0000000-0000-0000-0000-000000000007', 'Ron Primary', 'USD'),
    ('b0000000-0000-0000-0000-000000000008', 'a0000000-0000-0000-0000-000000000008', 'Judd Primary', 'USD'),
    ('b0000000-0000-0000-0000-000000000009', 'a0000000-0000-0000-0000-000000000009', 'Forest Primary', 'USD'),
    ('b0000000-0000-0000-0000-000000000010', 'a0000000-0000-0000-0000-000000000010', 'Tom Primary', 'USD'),
    ('b0000000-0000-0000-0000-000000000011', 'a0000000-0000-0000-0000-000000000011', 'Marcus Primary', 'USD'),
    ('b0000000-0000-0000-0000-000000000012', 'a0000000-0000-0000-0000-000000000012', 'Lynn Primary', 'USD'),
    ('b0000000-0000-0000-0000-000000000013', 'a0000000-0000-0000-0000-000000000013', 'Reggie Primary', 'USD'),
    ('b0000000-0000-0000-0000-000000000014', 'a0000000-0000-0000-0000-000000000014', 'Anthony Primary', 'USD'),
    ('b0000000-0000-0000-0000-000000000015', 'a0000000-0000-0000-0000-000000000015', 'Pat Primary', 'USD'),
    ('b0000000-0000-0000-0000-000000000016', 'a0000000-0000-0000-0000-000000000016', 'John Primary', 'USD'),
    ('b0000000-0000-0000-0000-000000000017', 'a0000000-0000-0000-0000-000000000017', 'Andrew Primary', 'USD'),
    ('b0000000-0000-0000-0000-000000000018', 'a0000000-0000-0000-0000-000000000018', 'Cheryl Primary', 'USD'),
    ('b0000000-0000-0000-0000-000000000019', 'a0000000-0000-0000-0000-000000000019', 'Lisa Primary', 'USD'),
    ('b0000000-0000-0000-0000-000000000020', 'a0000000-0000-0000-0000-000000000020', 'Jerry Primary', 'USD'),
    ('b0000000-0000-0000-0000-000000000021', 'a0000000-0000-0000-0000-000000000021', 'Carson Primary', 'USD'),
    ('b0000000-0000-0000-0000-000000000022', 'a0000000-0000-0000-0000-000000000022', 'Matt Primary', 'USD'),
    ('b0000000-0000-0000-0000-000000000023', 'a0000000-0000-0000-0000-000000000023', 'Sam Primary', 'USD'),
    ('b0000000-0000-0000-0000-000000000024', 'a0000000-0000-0000-0000-000000000024', 'John Primary', 'USD'),
    ('b0000000-0000-0000-0000-000000000025', 'a0000000-0000-0000-0000-000000000025', 'Norman Primary', 'USD');

INSERT INTO transactions (transaction_id, from_account_id, to_account_id, amount_cents, description, application_source_region)
VALUES
    ('c0000000-0000-0000-0000-000000000001', NULL, 'b0000000-0000-0000-0000-000000000001', 50000, 'Initial deposit', 'us-west-2'),
    ('c0000000-0000-0000-0000-000000000002', NULL, 'b0000000-0000-0000-0000-000000000002', 50000, 'Initial deposit', 'us-west-2'),
    ('c0000000-0000-0000-0000-000000000003', NULL, 'b0000000-0000-0000-0000-000000000003', 50000, 'Initial deposit', 'us-west-2'),
    ('c0000000-0000-0000-0000-000000000004', NULL, 'b0000000-0000-0000-0000-000000000004', 50000, 'Initial deposit', 'us-west-2'),
    ('c0000000-0000-0000-0000-000000000005', NULL, 'b0000000-0000-0000-0000-000000000005', 50000, 'Initial deposit', 'us-west-2'),
    ('c0000000-0000-0000-0000-000000000006', NULL, 'b0000000-0000-0000-0000-000000000006', 50000, 'Initial deposit', 'us-west-2'),
    ('c0000000-0000-0000-0000-000000000007', NULL, 'b0000000-0000-0000-0000-000000000007', 50000, 'Initial deposit', 'us-west-2'),
    ('c0000000-0000-0000-0000-000000000008', NULL, 'b0000000-0000-0000-0000-000000000008', 50000, 'Initial deposit', 'us-west-2'),
    ('c0000000-0000-0000-0000-000000000009', NULL, 'b0000000-0000-0000-0000-000000000009', 50000, 'Initial deposit', 'us-west-2'),
    ('c0000000-0000-0000-0000-000000000010', NULL, 'b0000000-0000-0000-0000-000000000010', 50000, 'Initial deposit', 'us-west-2'),
    ('c0000000-0000-0000-0000-000000000011', NULL, 'b0000000-0000-0000-0000-000000000011', 50000, 'Initial deposit', 'us-west-2'),
    ('c0000000-0000-0000-0000-000000000012', NULL, 'b0000000-0000-0000-0000-000000000012', 50000, 'Initial deposit', 'us-west-2'),
    ('c0000000-0000-0000-0000-000000000013', NULL, 'b0000000-0000-0000-0000-000000000013', 50000, 'Initial deposit', 'us-west-2'),
    ('c0000000-0000-0000-0000-000000000014', NULL, 'b0000000-0000-0000-0000-000000000014', 50000, 'Initial deposit', 'us-west-2'),
    ('c0000000-0000-0000-0000-000000000015', NULL, 'b0000000-0000-0000-0000-000000000015', 50000, 'Initial deposit', 'us-west-2'),
    ('c0000000-0000-0000-0000-000000000016', NULL, 'b0000000-0000-0000-0000-000000000016', 50000, 'Initial deposit', 'us-west-2'),
    ('c0000000-0000-0000-0000-000000000017', NULL, 'b0000000-0000-0000-0000-000000000017', 50000, 'Initial deposit', 'us-west-2'),
    ('c0000000-0000-0000-0000-000000000018', NULL, 'b0000000-0000-0000-0000-000000000018', 50000, 'Initial deposit', 'us-west-2'),
    ('c0000000-0000-0000-0000-000000000019', NULL, 'b0000000-0000-0000-0000-000000000019', 50000, 'Initial deposit', 'us-west-2'),
    ('c0000000-0000-0000-0000-000000000020', NULL, 'b0000000-0000-0000-0000-000000000020', 50000, 'Initial deposit', 'us-west-2'),
    ('c0000000-0000-0000-0000-000000000021', NULL, 'b0000000-0000-0000-0000-000000000021', 50000, 'Initial deposit', 'us-west-2'),
    ('c0000000-0000-0000-0000-000000000022', NULL, 'b0000000-0000-0000-0000-000000000022', 50000, 'Initial deposit', 'us-west-2'),
    ('c0000000-0000-0000-0000-000000000023', NULL, 'b0000000-0000-0000-0000-000000000023', 50000, 'Initial deposit', 'us-west-2'),
    ('c0000000-0000-0000-0000-000000000024', NULL, 'b0000000-0000-0000-0000-000000000024', 50000, 'Initial deposit', 'us-west-2'),
    ('c0000000-0000-0000-0000-000000000025', NULL, 'b0000000-0000-0000-0000-000000000025', 50000, 'Initial deposit', 'us-west-2'),
    ('c0000000-0000-0000-0000-000000000026', 'b0000000-0000-0000-0000-000000000001', 'b0000000-0000-0000-0000-000000000002', 3500, 'Lunch at Trojan Grounds', 'us-west-2'),
    ('c0000000-0000-0000-0000-000000000027', 'b0000000-0000-0000-0000-000000000002', 'b0000000-0000-0000-0000-000000000003', 3500, 'Coffee at the Lab', 'us-east-2'),
    ('c0000000-0000-0000-0000-000000000028', 'b0000000-0000-0000-0000-000000000003', 'b0000000-0000-0000-0000-000000000004', 3500, 'Annenberg printing fee split', 'ap-northeast-1'),
    ('c0000000-0000-0000-0000-000000000029', 'b0000000-0000-0000-0000-000000000004', 'b0000000-0000-0000-0000-000000000005', 3500, 'Marshall study group dinner', 'us-west-2'),
    ('c0000000-0000-0000-0000-000000000030', 'b0000000-0000-0000-0000-000000000005', 'b0000000-0000-0000-0000-000000000006', 3500, 'Viterbi project supplies', 'us-east-2'),
    ('c0000000-0000-0000-0000-000000000031', 'b0000000-0000-0000-0000-000000000006', 'b0000000-0000-0000-0000-000000000007', 3500, 'Football tickets share', 'ap-northeast-1'),
    ('c0000000-0000-0000-0000-000000000032', 'b0000000-0000-0000-0000-000000000007', 'b0000000-0000-0000-0000-000000000008', 3500, 'Galen Center concert split', 'us-west-2'),
    ('c0000000-0000-0000-0000-000000000033', 'b0000000-0000-0000-0000-000000000008', 'b0000000-0000-0000-0000-000000000009', 3500, 'Birthday gift', 'us-east-2'),
    ('c0000000-0000-0000-0000-000000000034', 'b0000000-0000-0000-0000-000000000009', 'b0000000-0000-0000-0000-000000000010', 3500, 'Carpool to LAX', 'ap-northeast-1'),
    ('c0000000-0000-0000-0000-000000000035', 'b0000000-0000-0000-0000-000000000010', 'b0000000-0000-0000-0000-000000000011', 3500, 'Apartment rent split', 'us-west-2'),
    ('c0000000-0000-0000-0000-000000000036', 'b0000000-0000-0000-0000-000000000011', 'b0000000-0000-0000-0000-000000000012', 3500, 'Trojan League dues', 'us-east-2'),
    ('c0000000-0000-0000-0000-000000000037', 'b0000000-0000-0000-0000-000000000012', 'b0000000-0000-0000-0000-000000000013', 3500, 'USC Bookstore split', 'ap-northeast-1'),
    ('c0000000-0000-0000-0000-000000000038', 'b0000000-0000-0000-0000-000000000013', 'b0000000-0000-0000-0000-000000000014', 3500, 'Greek life dues', 'us-west-2'),
    ('c0000000-0000-0000-0000-000000000039', 'b0000000-0000-0000-0000-000000000014', 'b0000000-0000-0000-0000-000000000015', 3500, 'Movie night at Cinepolis', 'us-east-2'),
    ('c0000000-0000-0000-0000-000000000040', 'b0000000-0000-0000-0000-000000000015', 'b0000000-0000-0000-0000-000000000016', 3500, 'Parking permit split', 'ap-northeast-1'),
    ('c0000000-0000-0000-0000-000000000041', 'b0000000-0000-0000-0000-000000000016', 'b0000000-0000-0000-0000-000000000017', 3500, 'Coliseum tailgate', 'us-west-2'),
    ('c0000000-0000-0000-0000-000000000042', 'b0000000-0000-0000-0000-000000000017', 'b0000000-0000-0000-0000-000000000018', 3500, 'Ronald Tutor Hall printing', 'us-east-2'),
    ('c0000000-0000-0000-0000-000000000043', 'b0000000-0000-0000-0000-000000000018', 'b0000000-0000-0000-0000-000000000019', 3500, 'Gym membership split', 'ap-northeast-1'),
    ('c0000000-0000-0000-0000-000000000044', 'b0000000-0000-0000-0000-000000000019', 'b0000000-0000-0000-0000-000000000020', 3500, 'Tommy Trojan photo session', 'us-west-2'),
    ('c0000000-0000-0000-0000-000000000045', 'b0000000-0000-0000-0000-000000000020', 'b0000000-0000-0000-0000-000000000021', 3500, 'Spring formal tickets', 'us-east-2'),
    ('c0000000-0000-0000-0000-000000000046', 'b0000000-0000-0000-0000-000000000021', 'b0000000-0000-0000-0000-000000000022', 3500, 'Songfest tickets', 'ap-northeast-1'),
    ('c0000000-0000-0000-0000-000000000047', 'b0000000-0000-0000-0000-000000000022', 'b0000000-0000-0000-0000-000000000023', 3500, 'USC Marching Band gala', 'us-west-2'),
    ('c0000000-0000-0000-0000-000000000048', 'b0000000-0000-0000-0000-000000000023', 'b0000000-0000-0000-0000-000000000024', 3500, 'Trojan Marketplace lunch', 'us-east-2'),
    ('c0000000-0000-0000-0000-000000000049', 'b0000000-0000-0000-0000-000000000024', 'b0000000-0000-0000-0000-000000000025', 3500, 'USC swag merch', 'ap-northeast-1'),
    ('c0000000-0000-0000-0000-000000000050', 'b0000000-0000-0000-0000-000000000025', 'b0000000-0000-0000-0000-000000000001', 3500, 'Doheny Library coffee fund', 'us-west-2'),
    ('c0000000-0000-0000-0000-000000000051', 'b0000000-0000-0000-0000-000000000001', 'b0000000-0000-0000-0000-000000000006', 2000, 'Coffee run', 'us-east-2'),
    ('c0000000-0000-0000-0000-000000000052', 'b0000000-0000-0000-0000-000000000002', 'b0000000-0000-0000-0000-000000000007', 2000, 'Snack run', 'ap-northeast-1'),
    ('c0000000-0000-0000-0000-000000000053', 'b0000000-0000-0000-0000-000000000003', 'b0000000-0000-0000-0000-000000000008', 2000, 'Bagel shop', 'us-west-2'),
    ('c0000000-0000-0000-0000-000000000054', 'b0000000-0000-0000-0000-000000000004', 'b0000000-0000-0000-0000-000000000009', 2000, 'Burrito split', 'us-east-2'),
    ('c0000000-0000-0000-0000-000000000055', 'b0000000-0000-0000-0000-000000000005', 'b0000000-0000-0000-0000-000000000010', 2000, 'Pho spot lunch', 'ap-northeast-1'),
    ('c0000000-0000-0000-0000-000000000056', 'b0000000-0000-0000-0000-000000000006', 'b0000000-0000-0000-0000-000000000011', 2000, 'Boba run', 'us-west-2'),
    ('c0000000-0000-0000-0000-000000000057', 'b0000000-0000-0000-0000-000000000007', 'b0000000-0000-0000-0000-000000000012', 2000, 'Sushi night', 'us-east-2'),
    ('c0000000-0000-0000-0000-000000000058', 'b0000000-0000-0000-0000-000000000008', 'b0000000-0000-0000-0000-000000000013', 2000, 'Pizza split', 'ap-northeast-1'),
    ('c0000000-0000-0000-0000-000000000059', 'b0000000-0000-0000-0000-000000000009', 'b0000000-0000-0000-0000-000000000014', 2000, 'Indian food order', 'us-west-2'),
    ('c0000000-0000-0000-0000-000000000060', 'b0000000-0000-0000-0000-000000000010', 'b0000000-0000-0000-0000-000000000015', 2000, 'Thai delivery', 'us-east-2'),
    ('c0000000-0000-0000-0000-000000000061', 'b0000000-0000-0000-0000-000000000011', 'b0000000-0000-0000-0000-000000000016', 2000, 'Korean BBQ', 'ap-northeast-1'),
    ('c0000000-0000-0000-0000-000000000062', 'b0000000-0000-0000-0000-000000000012', 'b0000000-0000-0000-0000-000000000017', 2000, 'Tacos by USC', 'us-west-2'),
    ('c0000000-0000-0000-0000-000000000063', 'b0000000-0000-0000-0000-000000000013', 'b0000000-0000-0000-0000-000000000018', 2000, 'Chick-fil-A run', 'us-east-2'),
    ('c0000000-0000-0000-0000-000000000064', 'b0000000-0000-0000-0000-000000000014', 'b0000000-0000-0000-0000-000000000019', 2000, 'Sandwich shop', 'ap-northeast-1'),
    ('c0000000-0000-0000-0000-000000000065', 'b0000000-0000-0000-0000-000000000015', 'b0000000-0000-0000-0000-000000000020', 2000, 'Salad bar split', 'us-west-2'),
    ('c0000000-0000-0000-0000-000000000066', 'b0000000-0000-0000-0000-000000000016', 'b0000000-0000-0000-0000-000000000021', 2000, 'Fro-yo run', 'us-east-2'),
    ('c0000000-0000-0000-0000-000000000067', 'b0000000-0000-0000-0000-000000000017', 'b0000000-0000-0000-0000-000000000022', 2000, 'Donut box', 'ap-northeast-1'),
    ('c0000000-0000-0000-0000-000000000068', 'b0000000-0000-0000-0000-000000000018', 'b0000000-0000-0000-0000-000000000023', 2000, 'Bakery split', 'us-west-2'),
    ('c0000000-0000-0000-0000-000000000069', 'b0000000-0000-0000-0000-000000000019', 'b0000000-0000-0000-0000-000000000024', 2000, 'Diner brunch', 'us-east-2'),
    ('c0000000-0000-0000-0000-000000000070', 'b0000000-0000-0000-0000-000000000020', 'b0000000-0000-0000-0000-000000000025', 2000, 'Steak night', 'ap-northeast-1'),
    ('c0000000-0000-0000-0000-000000000071', 'b0000000-0000-0000-0000-000000000021', 'b0000000-0000-0000-0000-000000000001', 2000, 'Vegan cafe', 'us-west-2'),
    ('c0000000-0000-0000-0000-000000000072', 'b0000000-0000-0000-0000-000000000022', 'b0000000-0000-0000-0000-000000000002', 2000, 'Smoothie run', 'us-east-2'),
    ('c0000000-0000-0000-0000-000000000073', 'b0000000-0000-0000-0000-000000000023', 'b0000000-0000-0000-0000-000000000003', 2000, 'Ice cream split', 'ap-northeast-1'),
    ('c0000000-0000-0000-0000-000000000074', 'b0000000-0000-0000-0000-000000000024', 'b0000000-0000-0000-0000-000000000004', 2000, 'Late-night snack', 'us-west-2'),
    ('c0000000-0000-0000-0000-000000000075', 'b0000000-0000-0000-0000-000000000025', 'b0000000-0000-0000-0000-000000000005', 2000, 'Breakfast burrito', 'us-east-2'),
    ('c0000000-0000-0000-0000-000000000076', 'b0000000-0000-0000-0000-000000000001', NULL, 1500, 'ATM withdrawal', 'us-west-2'),
    ('c0000000-0000-0000-0000-000000000077', NULL, 'b0000000-0000-0000-0000-000000000002', 2500, 'Paycheck deposit', 'us-west-2'),
    ('c0000000-0000-0000-0000-000000000078', 'b0000000-0000-0000-0000-000000000003', 'b0000000-0000-0000-0000-000000000016', 1000, 'Vending machine reimbursement', 'us-east-2'),
    ('c0000000-0000-0000-0000-000000000079', 'b0000000-0000-0000-0000-000000000004', 'b0000000-0000-0000-0000-000000000017', 1000, 'Vending machine reimbursement', 'ap-northeast-1'),
    ('c0000000-0000-0000-0000-000000000080', 'b0000000-0000-0000-0000-000000000005', 'b0000000-0000-0000-0000-000000000018', 1000, 'Vending machine reimbursement', 'us-west-2'),
    ('c0000000-0000-0000-0000-000000000081', 'b0000000-0000-0000-0000-000000000006', NULL, 1500, 'ATM withdrawal', 'ap-northeast-1'),
    ('c0000000-0000-0000-0000-000000000082', NULL, 'b0000000-0000-0000-0000-000000000007', 2500, 'Paycheck deposit', 'us-west-2'),
    ('c0000000-0000-0000-0000-000000000083', 'b0000000-0000-0000-0000-000000000008', 'b0000000-0000-0000-0000-000000000021', 1000, 'Vending machine reimbursement', 'us-west-2'),
    ('c0000000-0000-0000-0000-000000000084', 'b0000000-0000-0000-0000-000000000009', 'b0000000-0000-0000-0000-000000000022', 1000, 'Vending machine reimbursement', 'us-east-2'),
    ('c0000000-0000-0000-0000-000000000085', 'b0000000-0000-0000-0000-000000000010', 'b0000000-0000-0000-0000-000000000023', 1000, 'Vending machine reimbursement', 'ap-northeast-1'),
    ('c0000000-0000-0000-0000-000000000086', 'b0000000-0000-0000-0000-000000000011', NULL, 1500, 'ATM withdrawal', 'us-east-2'),
    ('c0000000-0000-0000-0000-000000000087', NULL, 'b0000000-0000-0000-0000-000000000012', 2500, 'Paycheck deposit', 'us-west-2'),
    ('c0000000-0000-0000-0000-000000000088', 'b0000000-0000-0000-0000-000000000013', 'b0000000-0000-0000-0000-000000000001', 1000, 'Vending machine reimbursement', 'ap-northeast-1'),
    ('c0000000-0000-0000-0000-000000000089', 'b0000000-0000-0000-0000-000000000014', 'b0000000-0000-0000-0000-000000000002', 1000, 'Vending machine reimbursement', 'us-west-2'),
    ('c0000000-0000-0000-0000-000000000090', 'b0000000-0000-0000-0000-000000000015', 'b0000000-0000-0000-0000-000000000003', 1000, 'Vending machine reimbursement', 'us-east-2'),
    ('c0000000-0000-0000-0000-000000000091', 'b0000000-0000-0000-0000-000000000016', NULL, 1500, 'ATM withdrawal', 'us-west-2'),
    ('c0000000-0000-0000-0000-000000000092', NULL, 'b0000000-0000-0000-0000-000000000017', 2500, 'Paycheck deposit', 'us-west-2'),
    ('c0000000-0000-0000-0000-000000000093', 'b0000000-0000-0000-0000-000000000018', 'b0000000-0000-0000-0000-000000000006', 1000, 'Vending machine reimbursement', 'us-east-2'),
    ('c0000000-0000-0000-0000-000000000094', 'b0000000-0000-0000-0000-000000000019', 'b0000000-0000-0000-0000-000000000007', 1000, 'Vending machine reimbursement', 'ap-northeast-1'),
    ('c0000000-0000-0000-0000-000000000095', 'b0000000-0000-0000-0000-000000000020', 'b0000000-0000-0000-0000-000000000008', 1000, 'Vending machine reimbursement', 'us-west-2'),
    ('c0000000-0000-0000-0000-000000000096', 'b0000000-0000-0000-0000-000000000021', NULL, 1500, 'ATM withdrawal', 'ap-northeast-1'),
    ('c0000000-0000-0000-0000-000000000097', NULL, 'b0000000-0000-0000-0000-000000000022', 2500, 'Paycheck deposit', 'us-west-2'),
    ('c0000000-0000-0000-0000-000000000098', 'b0000000-0000-0000-0000-000000000023', 'b0000000-0000-0000-0000-000000000011', 1000, 'Vending machine reimbursement', 'us-west-2'),
    ('c0000000-0000-0000-0000-000000000099', 'b0000000-0000-0000-0000-000000000024', 'b0000000-0000-0000-0000-000000000012', 1000, 'Vending machine reimbursement', 'us-east-2'),
    ('c0000000-0000-0000-0000-000000000100', 'b0000000-0000-0000-0000-000000000025', 'b0000000-0000-0000-0000-000000000013', 1000, 'Vending machine reimbursement', 'ap-northeast-1');
